frame,sx,sy,ex,ey,lx0,ly0,lx1,ly1,lx2,ly2,lx3,ly3,lx4,ly4
0,221,-30,441,245,306.646,71.8596,401.938,70.6729,379.249,125.815,308.355,180.71,397.222,177.884
1,215,0,437,256,313.124,84.8218,409.175,84.4455,393.386,142.762,316.332,191.124,403.22,188.561
2,212,0,440,258,318.296,86.3777,421.754,84.5063,405.525,142.443,321.632,195.952,413.337,191.998
3,214,6,435,262,319.916,88.9023,423.089,86.1621,410.781,142.823,323.957,200.212,415.667,195.303
4,213,-7,442,261,323.253,85.9523,421.563,86.5993,408.092,143.811,322.671,197.036,410.266,195.168
5,212,-3,442,265,324.459,88.4373,423.966,88.3635,410.635,144.827,326.896,201.156,413.56,198.221
6,212,3,441,267,324.945,91.5548,423.355,91.6955,410.784,144.894,329.676,203.095,413.694,200.297
7,212,3,440,268,326.916,91.5692,425.794,96.1276,411.655,148.061,327.561,204.139,412.572,205.06
8,213,-4,445,266,330.998,88.5489,428.365,95.6884,413.569,144.85,328.77,199.295,412.269,202.719
9,216,1,444,274,329.742,87.9159,430.61,90.4669,418.207,140.997,332.652,203.806,417.501,203.105
10,218,0,443,267,330.145,87.0671,428.041,86.5991,419.0,137.928,334.578,199.444,419.309,196.011
11,213,-3,447,268,332.073,89.3492,432.449,91.9733,418.712,143.921,333.104,203.095,421.381,202.519
12,219,-1,442,260,334.917,84.4701,430.06,89.0274,419.912,139.647,333.493,194.375,418.406,195.714
13,219,-2,443,261,335.722,84.1233,430.096,89.0811,420.437,139.979,334.161,193.7,417.596,195.348
14,212,-5,450,274,332.917,87.9653,429.914,94.0644,414.847,145.865,333.8,203.304,414.575,205.542
15,233,-18,450,265,341.87,78.6046,429.551,84.6311,418.465,135.139,337.371,190.016,415.665,193.071
16,215,-6,451,269,336.927,88.9448,437.014,96.4654,420.284,147.377,333.431,201.555,421.027,205.471
17,214,0,447,271,333.872,91.2094,432.606,97.6807,417.157,145.594,334.307,200.667,419.274,203.26
18,217,-6,452,272,335.734,87.6814,431.255,94.1333,416.921,145.374,335.584,200.252,416.79,203.033
19,222,-4,451,265,338.396,87.0511,432.733,94.4899,419.001,143.824,335.438,195.552,418.319,199.46
20,238,-17,455,265,335.171,82.5904,418.899,84.9283,412.18,135.873,335.802,189.842,412.201,189.433
21,223,-7,452,266,341.048,85.8475,434.638,94.5243,422.734,142.303,336.055,193.3,419.796,198.087
22,223,-7,453,267,341.549,85.3862,435.618,94.7864,422.626,142.561,336.042,193.809,419.864,199.259
23,220,-5,453,268,336.462,86.2563,433.458,93.1239,416.567,142.873,334.561,198.114,417.02,201.375
24,218,-5,451,269,337.48,87.9674,432.144,96.6429,419.563,145.29,333.256,196.034,418.22,200.669
25,231,-21,460,274,331.527,81.8439,424.962,82.8985,418.066,138.329,331.221,193.037,421.579,191.724
26,230,-29,459,273,330.323,79.2678,424.379,80.5654,415.831,138.597,329.545,192.693,418.555,191.859
27,220,-5,449,264,332.526,87.5529,429.073,91.8544,414.797,144.266,333.338,195.404,417.769,196.289
28,220,-8,449,265,335.774,85.4849,429.651,90.5798,418.904,140.811,333.609,193.156,417.337,195.102
29,221,-3,443,261,335.76,83.7044,427.714,87.7991,419.345,138.337,336.686,192.188,416.216,192.924
30,223,-1,440,258,334.244,83.8748,424.162,85.4445,418.407,135.891,337.588,191.549,415.517,190.083
31,219,-3,448,263,334.856,85.3909,431.588,89.7304,419.721,140.891,335.012,194.484,419.963,195.563
32,216,-8,450,267,338.424,87.836,431.542,94.0022,420.828,142.204,334.353,193.575,418.49,196.573
33,219,-8,447,263,336.59,87.4755,427.074,93.8079,418.059,142.625,334.108,192.662,415.152,195.536
34,219,-7,450,266,335.069,84.6708,429.631,90.5265,416.67,140.723,333.077,193.176,416.587,195.922
35,217,-6,448,265,334.587,87.6944,428.177,93.827,416.862,143.009,332.801,194.722,415.114,197.36
36,219,-2,443,262,333.279,84.2886,427.95,86.3025,420.898,136.75,336.695,195.334,418.172,194.157
37,217,0,445,260,335.808,87.399,433.936,91.2514,422.075,142.001,335.111,197.027,421.63,197.55
38,220,0,446,264,332.839,89.7476,428.741,91.3747,420.603,145.635,335.498,198.288,421.024,196.792
39,219,-1,445,262,332.962,88.7017,432.497,91.3023,420.951,142.031,334.649,198.998,420.762,198.185
40,218,-3,449,264,332.657,88.5587,435.295,90.4643,421.616,141.792,335.908,200.937,424.572,199.593
41,229,-16,456,270,335.886,80.1737,430.187,86.3179,416.156,138.123,331.872,193.643,417.452,196.878
42,216,-2,449,264,333.49,88.7027,433.737,93.1073,419.689,145.149,333.645,197.403,422.121,198.449
43,224,-12,454,277,327.152,83.6866,420.483,80.5916,411.57,138.902,334.014,201.868,413.561,196.526
44,215,0,451,266,331.275,90.0247,433.225,95.442,417.009,148.593,333.642,201.248,420.29,202.694
45,227,-8,452,263,333.378,82.1033,427.771,82.2818,417.38,135.65,336.397,193.927,416.81,191.633
46,222,-3,447,266,336.377,88.8206,430.751,88.4912,426.924,141.276,342.47,200.24,425.015,196.663
47,227,-4,447,260,337.109,87.0637,428.06,85.4779,427.225,140.4,342.26,195.938,424.351,191.443
48,226,-4,449,258,337.198,85.6035,429.262,84.5367,425.643,140.959,340.228,193.107,424.221,189.402
49,226,-8,453,260,332.409,86.2423,425.569,82.0063,419.184,139.875,341.468,196.036,424.18,189.806
50,228,-3,454,268,335.928,90.8192,425.686,92.0598,419.752,141.725,341.157,198.07,420.361,195.717
51,228,4,445,262,337.26,88.4753,429.611,88.1866,424.0,140.724,343.221,197.904,425.382,194.643
52,227,2,444,261,334.305,88.4784,428.433,87.1843,423.311,140.371,343.041,198.659,424.306,194.166
53,229,-4,456,270,336.953,90.1006,427.295,91.8908,419.688,142.471,341.907,198.745,420.238,196.985
54,220,0,451,268,335.631,91.0923,435.603,93.4345,424.372,145.349,339.498,201.871,426.921,200.39
55,227,2,449,267,332.794,88.4363,432.517,87.4523,425.153,141.857,340.089,201.006,428.195,196.912
56,228,-2,455,271,338.442,91.2834,430.288,93.8387,423.479,142.115,343.232,200.047,422.623,198.716
57,224,0,456,277,334.861,87.224,440.155,88.9016,428.959,141.654,341.55,204.395,431.987,202.439
58,226,0,450,265,335.876,89.2574,435.18,90.0189,424.835,142.704,340.459,199.726,427.149,197.049
59,225,0,450,269,333.847,87.3781,435.174,87.9165,424.163,139.865,340.46,200.766,427.398,197.763
60,226,-12,455,268,339.34,83.9555,431.54,82.8693,428.665,137.892,345.645,194.628,429.874,190.928
61,226,-13,456,267,338.293,84.4061,429.722,81.9203,427.243,138.762,345.509,195.448,429.009,190.394
62,225,-13,457,270,338.761,84.0834,431.049,81.0019,428.509,136.032,346.68,196.054,430.318,190.416
63,228,-9,455,267,338.405,83.7499,433.587,84.824,423.603,141.03,342.251,196.489,427.06,194.584
64,226,-6,455,275,337.649,89.0514,427.731,88.5294,423.85,141.519,345.626,202.071,421.199,198.099
65,227,-4,456,274,338.554,89.2029,430.055,90.5488,423.349,143.159,342.988,201.409,421.13,199.297
66,224,-4,455,278,337.024,91.466,427.826,90.8893,424.837,141.953,345.377,203.958,421.052,199.839
67,222,-8,458,279,336.373,88.7049,428.262,88.3611,423.129,143.088,343.91,204.256,421.032,200.529
68,231,-8,453,271,341.412,88.227,429.195,92.6243,422.15,141.3,341.431,198.186,416.112,199.007
69,232,-8,453,269,340.218,88.2968,428.239,89.9356,422.845,139.888,343.655,197.158,419.946,195.571
70,232,-4,452,271,339.938,88.3193,429.372,92.5957,420.057,140.141,340.102,198.602,415.694,199.346
71,226,-13,457,272,336.699,84.8817,430.787,79.2313,425.59,135.34,348.093,198.415,433.208,190.9
72,224,-9,455,274,333.616,87.5625,430.82,83.1941,421.767,139.85,343.249,200.309,430.882,193.882
73,226,-13,457,276,334.844,85.5196,430.578,81.9628,422.411,139.844,344.226,200.228,429.654,194.216
74,227,-12,452,277,335.979,87.3199,427.922,82.6092,424.173,140.819,346.63,201.9,427.969,194.556
75,228,-3,453,278,337.738,91.2504,431.188,90.6818,421.444,143.116,342.39,205.697,421.101,202.153
76,233,-13,454,273,336.957,89.1325,423.41,85.6829,416.163,140.331,344.401,201.793,416.823,196.427
77,230,-7,453,280,335.428,91.2073,425.986,87.1004,418.424,142.399,344.601,207.405,421.074,201.027
78,233,-6,453,281,336.121,90.0836,424.676,88.7431,414.782,141.694,343.033,205.431,417.646,201.543
79,230,-20,453,288,339.16,83.6284,429.107,79.845,421.134,138.31,349.606,205.593,425.264,199.019
80,231,-23,462,280,334.469,86.0556,430.253,84.8811,413.905,147.517,341.806,201.405,426.053,197.872
81,223,1,450,292,337.248,98.1862,428.316,95.6722,422.101,143.002,351.527,214.535,424.55,208.148
82,230,-19,462,285,337.874,90.2354,421.956,80.1758,421.11,141.872,349.916,203.634,424.528,192.155
83,230,-3,459,286,338.476,98.3344,433.354,94.996,417.984,154.6,351.111,210.706,431.898,205.34
84,228,1,454,287,336.706,103.099,434.727,99.24,420.399,154.345,352.705,216.748,433.909,210.56
85,226,-21,465,300,339.843,91.1089,425.176,83.2446,421.478,148.362,351.9,211.914,424.152,201.994
86,235,-4,456,292,340.799,98.0743,428.819,90.0043,425.513,145.393,355.817,214.912,430.717,204.789
87,232,0,459,293,342.941,102.514,433.789,99.2137,424.867,150.085,354.964,215.414,429.575,209.199
88,231,-4,459,298,344.681,103.293,432.798,96.8571,431.064,150.642,362.279,218.21,435.433,209.217
89,233,-13,458,303,345.658,97.2815,432.62,92.3037,427.918,149.778,359.99,217.122,434.809,210.098
90,236,-15,460,294,350.383,98.2386,433.597,93.9933,431.585,149.156,357.056,212.403,430.778,205.994
91,237,-2,459,293,348.099,104.569,431.992,98.8914,431.118,152.548,359.441,216.636,429.487,208.573
92,237,-17,462,305,351.57,98.5094,433.644,94.0933,433.989,151.265,364.545,218.982,432.853,211.716
93,234,2,458,296,345.699,108.343,433.054,102.674,429.444,156.237,359.398,221.058,431.999,212.349
94,238,2,457,296,345.393,105.812,430.557,96.0631,431.423,153.347,360.551,219.073,432.809,206.985
95,239,-21,464,312,355.881,97.2341,438.038,95.3758,438.95,151.003,370.432,221.222,437.256,216.312
96,237,-21,470,314,356.121,98.4059,440.935,94.1169,442.467,150.823,370.805,224.218,441.993,217.574
97,239,-19,466,308,358.762,98.1277,436.292,97.3875,441.982,151.91,369.646,218.948,436.904,214.868
98,238,-19,466,306,358.664,97.472,435.809,96.621,441.342,152.293,368.487,217.174,435.986,213.019
99,236,-4,464,305,359.722,104.608,441.866,105.434,445.887,158.484,368.109,223.327,437.284,220.331
100,235,-23,464,299,356.116,99.8381,438.178,93.8805,432.072,155.3,370.166,218.966,437.772,210.746
101,234,-2,458,307,352.823,107.239,435.675,103.366,440.132,155.368,367.333,225.899,434.377,218.744
102,239,-20,458,298,357.209,98.4986,434.848,94.9799,434.244,152.909,372.454,219.279,435.84,212.961
103,242,-22,474,312,359.304,97.3574,437.364,93.5541,440.863,154.031,372.873,223.329,436.398,216.813
104,244,-16,468,308,358.375,102.044,434.083,96.8963,440.082,153.063,374.023,224.565,434.196,216.543
105,230,-2,458,311,348.251,109.947,434.371,105.339,439.029,159.529,369.395,230.263,439.428,222.324
106,245,-21,470,308,360.89,97.2166,435.475,98.0356,441.175,151.617,371.454,220.233,433.803,217.075
107,237,-3,463,305,354.595,103.152,437.334,102.412,437.724,157.545,366.016,222.693,436.3,218.344
108,239,-13,465,303,358.446,99.3985,437.385,98.1199,442.91,152.343,370.031,220.073,438.732,215.217
109,236,-4,466,306,356.925,103.95,441.493,103.182,442.463,156.844,369.739,223.979,439.167,219.449
110,241,-30,473,306,363.238,93.3733,440.115,92.2273,447.81,150.927,371.435,214.208,438.082,210.457
111,242,-29,472,304,363.738,93.7219,439.367,91.9551,447.377,149.047,372.388,213.66,438.318,209.503
112,238,-6,465,307,355.498,102.382,442.113,103.819,438.434,158.526,365.797,225.822,438.864,223.305
113,245,-10,467,305,362.169,100.977,441.454,100.381,442.693,156.1,368.534,220.265,437.65,216.526
114,248,-7,462,301,360.408,102.176,438.855,101.294,440.789,155.209,368.37,218.123,436.147,213.916
115,247,-8,466,309,365.415,103.802,447.287,105.506,447.613,157.724,373.88,224.238,443.892,222.163
116,249,-10,468,309,369.828,104.582,443.008,110.922,450.261,156.831,370.995,220.721,435.937,222.359
117,257,-9,467,307,376.094,102.417,447.418,113.115,451.219,159.303,369.194,220.292,435.218,225.439
118,261,-13,470,303,376.712,107.977,446.183,112.367,455.136,157.585,380.409,222.335,440.465,222.032
119,251,-8,473,304,372.341,104.891,450.325,104.3,453.376,156.132,383.972,221.091,447.288,217.843
120,245,1,470,307,364.096,115.832,448.937,116.26,448.314,168.023,379.376,232.338,448.958,230.168
121,268,-10,471,299,376.496,106.276,445.701,106.767,453.263,154.469,384.727,216.436,442.879,213.299
122,253,3,465,303,366.632,114.657,446.293,115.522,445.912,165.86,380.54,229.377,446.052,227.078
123,266,-14,470,300,378.433,103.126,447.533,103.746,456.764,151.655,391.195,218.109,447.593,215.129
124,267,-17,475,302,380.145,103.936,449.566,104.986,458.637,151.409,389.577,216.172,448.36,213.795
125,248,5,468,302,368.603,115.799,449.548,120.542,445.555,173.803,373.687,228.739,443.778,229.999
126,267,-11,470,296,380.558,104.116,449.22,108.469,458.699,154.356,389.193,216.95,447.307,216.828
127,266,-13,467,300,375.627,105.501,445.75,108.162,455.154,150.163,386.257,218.834,445.974,217.357
128,281,-3,474,286,379.524,106.267,445.88,103.297,454.267,151.042,389.791,212.402,443.592,206.771
129,280,-3,474,288,383.325,106.79,449.929,110.066,457.736,153.249,389.182,212.437,444.374,211.676
130,282,-1,472,283,381.184,107.133,445.926,104.519,454.956,152.174,390.934,210.59,444.262,205.003
131,280,-6,471,282,381.674,102.524,446.098,103.404,454.007,149.582,389.311,207.307,441.385,205.01
132,265,2,471,293,373.311,106.107,452.957,113.566,450.741,165.292,375.909,218.667,446.389,222.25
133,263,1,477,300,380.104,108.476,460.487,118.328,457.913,168.173,378.065,221.349,450.276,227.482
134,276,-7,476,287,386.533,101.393,455.471,110.162,456.725,152.155,388.243,209.574,444.851,214.312
135,274,-9,479,293,387.844,100.536,458.941,109.62,458.979,150.105,391.552,211.583,450.406,216.733
136,275,-4,474,290,385.945,103.255,456.852,113.35,456.978,152.952,389.919,213.304,446.905,218.948
137,275,-7,469,284,379.644,101.413,451.43,104.741,451.914,149.428,388.153,211.347,444.512,211.086
138,264,2,472,290,377.512,105.684,456.571,111.615,452.371,160.939,379.632,217.249,447.523,219.886
139,266,-19,477,296,384.919,99.4911,454.27,102.941,460.777,147.969,390.023,209.219,449.553,208.781
140,268,-15,477,292,383.405,101.192,453.614,104.409,457.853,150.951,389.991,212.104,446.952,211.877
141,264,-16,473,299,379.05,103.81,448.483,105.522,457.509,153.045,391.79,218.911,449.407,216.669
142,265,-12,475,297,381.138,103.494,451.347,107.205,457.793,155.653,389.037,216.624,447.305,216.26
143,263,-12,478,299,376.766,99.9512,450.037,103.204,453.069,157.667,382.091,213.882,444.114,212.495
144,266,-6,478,302,382.263,104.096,449.703,105.312,460.21,154.92,388.303,214.137,445.225,210.856
145,277,0,475,291,376.637,107.343,446.348,106.037,451.739,155.756,388.16,213.708,442.884,209.27
146,252,10,468,296,367.512,113.966,449.047,118.121,439.136,172.281,372.841,224.995,439.138,225.698
147,275,-1,477,293,375.946,107.857,445.253,106.028,451.805,156.836,385.186,214.84,441.529,210.206
148,276,-1,478,294,375.158,106.655,446.132,106.649,450.959,156.324,384.221,215.229,441.65,212.203
149,249,7,467,295,365.72,114.617,447.706,116.833,440.752,169.324,373.626,225.029,439.967,223.883
150,263,-6,467,296,379.353,106.477,448.273,112.882,456.639,160.085,379.249,215.952,441.986,217.001
151,253,-2,465,307,369.662,105.186,445.963,117.685,446.314,165.389,363.131,221.372,437.658,228.155
152,247,0,468,314,369.899,102.422,451.188,118.001,446.824,165.341,360.583,222.392,437.027,232.209
153,264,-9,473,299,378.419,97.1751,448.146,107.316,451.98,153.941,370.497,209.458,436.687,214.468
154,253,-4,473,290,372.762,100.3,451.456,115.202,443.055,164.77,359.629,209.488,434.29,219.708
155,255,3,469,285,370.564,97.9019,445.044,113.234,437.997,160.602,357.481,203.462,431.445,213.418
156,254,6,461,289,367.214,101.314,445.883,112.785,439.468,163.316,357.712,210.758,435.087,217.359
157,254,4,467,293,366.994,98.9063,448.092,113.712,440.653,164.74,352.978,209.374,435.664,219.279
158,256,0,467,285,370.016,94.7874,450.316,106.685,444.356,155.173,362.206,204.939,438.377,212.512
159,255,-8,476,285,370.412,91.2993,454.716,105.926,439.053,153.147,359.713,202.985,439.49,213.207
160,259,-9,469,279,375.429,89.1036,451.904,104.282,440.118,150.674,361.903,197.69,437.315,208.018
161,250,-16,468,276,372.316,87.9827,449.521,99.2844,438.539,150.173,363.18,196.216,438.932,202.816
162,258,-10,473,284,376.351,88.5049,453.026,105.437,445.131,148.749,362.93,199.574,437.214,211.426
163,255,-13,470,280,369.676,93.1039,447.851,105.986,441.921,153.29,359.78,199.958,432.932,208.66
164,263,-11,477,280,370.562,90.9058,446.667,101.361,442.762,150.293,362.461,196.474,434.205,202.859
165,253,-7,468,275,370.143,90.4776,450.65,102.386,437.194,151.493,359.429,197.406,436.993,205.319
166,262,-10,472,272,369.254,95.3382,443.78,103.469,440.323,154.03,361.811,195.95,432.566,200.743
167,261,-14,474,277,364.366,90.4678,441.76,98.8656,435.723,149.703,357.425,195.23,429.468,200.148
168,260,-12,475,274,362.463,94.5065,441.095,104.38,435.319,153.449,355.582,199.269,428.491,205.242
169,252,1,462,274,361.149,94.419,443.261,107.504,432.943,154.53,350.945,200.598,426.479,208.888
170,245,10,458,278,342.804,103.263,428.925,107.151,416.568,159.292,343.101,203.48,427.828,203.567
171,248,8,459,277,345.056,102.427,429.854,108.202,417.303,158.654,343.8,203.195,425.569,204.968
172,250,-14,464,279,366.028,86.5043,445.726,102.04,438.23,151.77,349.992,194.166,428.78,205.282
173,248,3,460,272,350.603,96.4655,434.106,103.813,423.326,152.869,344.401,198.207,422.745,201.781
174,250,-11,461,277,363.532,86.3285,441.597,100.312,435.716,150.725,346.752,193.775,424.014,203.478
175,242,-10,462,287,358.289,86.4278,444.851,98.7352,437.233,148.32,344.284,197.084,428.381,204.747
176,240,-20,469,277,356.09,90.891,439.15,100.004,433.086,151.146,347.075,198.357,425.439,203.342
177,252,-14,472,270,354.965,86.8329,438.179,97.4301,428.063,147.397,346.144,192.533,422.26,199.542
178,249,-1,461,266,354.542,88.8446,439.375,101.219,427.249,149.731,343.146,192.619,422.427,200.519
179,244,-2,455,273,353.209,85.1991,437.104,96.0825,426.787,143.508,344.806,193.736,422.268,200.757
180,247,0,462,268,352.214,94.5292,433.579,104.667,423.236,154.535,343.54,196.254,421.257,202.33
181,242,-16,460,276,356.885,84.2589,441.61,92.2153,433.646,142.971,352.368,197.019,425.939,201.131
182,240,-6,458,273,351.554,85.1665,436.748,92.2052,427.222,143.01,347.749,196.694,421.878,199.986
183,244,-4,457,272,352.988,87.019,438.702,93.3957,428.96,141.535,348.882,196.587,425.075,199.353
184,242,-6,459,275,352.294,87.9425,440.671,93.4571,430.332,142.284,349.701,199.265,427.52,201.194
185,241,-8,455,275,352.869,85.6876,439.08,92.6256,430.604,141.965,350.682,196.461,426.897,199.505
186,241,-7,454,269,354.102,84.4683,438.151,92.6254,430.209,141.307,347.219,194.32,422.772,198.697
187,248,-21,469,270,351.358,85.9152,434.534,93.0869,424.916,145.061,345.538,192.661,422.528,196.707
188,243,-3,456,266,353.654,88.4912,435.622,95.0922,427.658,143.687,348.949,195.941,423.919,199.006
189,239,3,461,269,349.323,95.4372,433.047,104.929,423.465,153.934,344.481,197.318,422.843,202.342
190,247,-18,470,273,354.441,83.9593,439.354,90.9193,432.236,140.295,349.161,191.37,430.398,194.742
191,242,-18,465,270,350.23,84.3493,435.304,92.6687,427.35,142.362,347.369,193.969,423.068,198.18
192,249,-20,472,271,355.66,83.9929,439.006,89.384,431.252,140.852,350.174,187.723,430.813,190.146
193,250,-17,468,272,355.988,83.4376,437.198,91.6573,429.997,140.705,347.231,189.617,423.403,194.257
194,249,-14,467,270,354.269,84.0996,435.964,91.5866,429.034,140.818,347.263,190.277,422.793,194.208
195,249,-13,466,269,353.983,83.6377,436.318,90.5332,429.777,139.959,348.607,190.313,424.465,193.706
196,240,-1,451,271,347.788,89.6579,434.292,93.478,426.791,145.684,350.381,199.71,424.258,199.265
197,249,-18,467,272,354.252,82.4594,438.046,87.1181,432.115,139.462,350.26,189.275,429.677,190.877
198,246,-17,468,271,351.751,83.2726,437.63,87.4214,431.708,136.934,349.853,189.629,430.458,190.379
199,240,-6,458,273,348.81,87.6543,434.454,93.535,425.811,145.938,347.839,198.408,423.193,200.24
200,237,-2,456,277,345.964,89.8091,435.274,95.3177,424.399,146.188,349.432,203.218,425.454,204.205
201,243,0,457,269,348.975,86.062,437.086,95.2206,424.801,146.923,344.239,194.269,423.038,198.994
202,243,0,457,271,350.304,86.5306,436.533,97.2073,425.184,148.461,344.454,195.344,421.468,201.373
203,236,2,457,274,345.311,91.7302,436.067,91.9903,430.64,140.84,350.957,200.781,430.081,197.313
204,241,2,458,269,349.447,88.5889,437.495,97.127,427.364,145.635,344.605,194.691,425.104,198.844
205,236,0,458,271,347.032,89.7858,437.07,95.5376,429.108,144.377,347.32,197.156,426.783,198.518
206,237,0,460,272,348.16,89.6505,438.058,96.5695,429.317,145.776,345.87,196.316,428.004,198.81
207,236,0,454,270,349.105,91.4896,435.098,95.0318,430.604,145.06,350.155,199.325,424.8,198.667
208,236,0,455,267,349.686,89.9377,436.792,95.7666,429.654,146.164,349.205,197.232,424.049,198.654
209,236,0,456,269,347.509,90.1324,435.225,94.1994,428.732,144.537,348.855,197.335,424.079,197.303
210,237,6,450,271,346.464,93.0695,434.161,93.6651,433.161,139.819,354.449,200.823,429.797,197.335
211,237,5,452,273,345.872,93.7721,433.21,93.0513,432.732,139.92,355.08,201.354,430.707,196.776
212,235,4,452,274,345.923,93.4377,436.543,92.0008,433.734,140.325,356.314,203.64,434.481,198.336
213,233,2,453,274,345.218,93.4615,436.347,91.5881,433.906,140.408,356.324,204.291,434.817,198.599
214,233,2,453,274,344.825,93.7301,436.32,91.8789,433.247,140.488,355.92,204.743,434.583,199.099
215,239,5,453,272,347.983,92.4237,435.409,92.9685,433.183,140.474,356.289,201.203,430.389,197.901
216,232,1,455,275,347.927,95.2526,438.294,98.0197,432.863,145.999,351.707,204.599,429.798,203.101
217,237,1,458,270,350.683,94.1036,438.936,98.9339,431.738,147.15,350.676,201.506,428.801,202.357
218,236,6,451,274,346.747,94.442,435.803,96.598,433.174,141.637,352.702,201.152,430.461,199.05
219,234,-1,456,270,350.247,90.2346,439.184,95.4263,433.96,143.023,351.408,201.222,426.791,201.853
220,233,-4,460,268,349.781,87.2351,440.411,92.929,433.282,141.873,348.789,198.027,426.475,199.688
221,239,7,455,272,348.009,92.4898,437.971,99.9331,429.557,147.767,346.419,199.015,428.034,201.781
222,235,7,452,273,345.491,94.7476,435.539,100.418,429.924,146.727,345.483,200.707,426.628,201.885
223,235,5,454,274,345.724,92.4418,435.805,99.3489,428.814,147.464,345.751,200.889,425.994,203.148
224,235,6,449,272,344.276,93.6011,432.8,95.0409,429.84,142.439,352.477,202.296,427.118,199.575
225,236,0,458,275,348.817,91.2718,437.686,92.1053,434.212,141.769,358.153,202.074,432.761,199.081
226,233,1,454,273,347.443,93.9008,437.449,95.7602,433.764,142.882,353.523,203.678,431.288,201.248
227,230,-3,458,272,347.839,89.6864,439.421,96.044,432.443,143.705,347.16,201.24,426.029,203.124
228,235,-29,462,272,352.165,79.0506,434.016,86.2154,433.163,137.856,347.689,191.5,422.461,195.033
229,236,-29,466,272,348.307,80.8996,436.64,82.8859,428.365,139.698,354.911,197.946,433.616,195.637
230,231,2,455,272,345.459,90.5038,437.972,94.8573,430.483,140.566,350.575,201.838,427.98,201.715
231,231,0,456,270,347.412,90.906,438.885,97.5952,431.962,144.823,346.596,200.073,425.874,202.213
232,231,0,454,270,347.299,90.3888,437.14,95.874,431.779,143.171,347.935,200.736,424.443,201.817
233,232,1,453,270,346.022,90.5248,435.407,95.1388,430.443,142.757,348.69,200.86,423.97,201.156
234,234,3,449,269,342.818,93.2368,429.582,93.7307,429.305,141.145,351.692,202.163,423.758,198.635
235,237,0,457,272,347.022,91.0881,438.738,93.3848,431.449,140.531,348.437,199.438,427.122,198.146
236,240,-11,458,269,343.272,85.0965,427.334,86.2401,425.76,139.141,345.759,193.289,422.086,191.334
237,239,-17,455,259,350.448,81.7333,433.586,87.57,421.65,137.282,349.558,189.601,424.67,191.7
238,237,-18,458,265,351.3,84.8979,437.549,88.4581,424.852,136.983,351.091,191.448,429.655,192.005
239,231,1,467,275,342.508,92.7927,448.04,99.0514,424.722,148.832,341.108,202.771,435.841,205.721
240,231,-6,463,268,343.055,87.7845,443.199,90.5652,425.66,145.123,343.934,197.066,435.342,197.792
241,234,-2,461,267,338.981,89.9298,438.345,88.5273,423.702,142.572,345.226,198.064,435.975,194.573
242,238,-4,460,268,344.336,89.9711,431.988,95.1547,422.276,143.025,342.931,194.909,422.336,196.437
243,233,-2,458,264,341.537,88.1557,438.051,90.9841,423.146,144.114,343.095,194.713,431.649,195.164
244,237,-7,452,262,343.686,86.5018,432.734,90.2474,419.951,141.666,345.249,191.953,425.014,192.948
245,238,-7,454,265,342.636,86.5154,431.582,85.4513,425.504,137.357,352.091,195.06,432.29,190.476
246,237,-5,457,265,342.902,86.3854,435.273,86.8022,425.755,137.678,349.671,194.722,433.581,191.993
247,238,-11,457,267,345.027,85.5972,433.763,85.9781,426.8,137.892,353.008,195.642,433.127,192.092
248,232,-23,457,267,345.698,83.808,430.98,84.1199,422.343,137.933,350.614,192.425,426.284,190.295
249,236,-5,460,268,346.696,88.6252,435.222,98.4629,422.517,147.28,339.705,195.347,419.121,201.167
250,231,-20,460,268,343.949,84.4267,429.552,83.5577,421.533,139.496,349.123,193.011,426.746,189.133
251,238,-23,455,263,347.865,83.1658,430.903,85.7304,422.85,136.539,352.813,192.419,425.668,191.494
252,235,3,456,269,349.005,89.1473,439.72,96.0486,429.808,143.193,344.789,196.585,423.543,199.007
253,235,3,456,268,349.542,89.3056,440.875,95.9439,430.914,143.98,345.456,196.362,425.12,198.667
254,234,1,457,270,345.769,89.1078,438.079,94.0539,428.195,141.352,345.821,199.124,424.947,199.826
255,232,0,461,274,346.706,92.1578,443.19,97.0188,429.454,145.417,346.545,201.876,430.333,202.787
256,236,1,456,268,350.327,90.0925,439.444,95.9293,431.341,144.293,346.74,196.507,425.302,198.156
257,237,3,455,267,350.008,89.6,438.175,95.8425,430.092,143.735,345.568,195.623,422.835,197.642
258,237,1,456,267,349.598,88.4323,438.446,95.022,430.347,142.835,345.414,195.67,423.539,197.935
259,236,2,456,267,349.909,89.1215,438.978,95.214,431.496,142.918,345.881,196.585,423.407,198.382
260,237,0,459,268,351.523,89.4722,441.217,96.936,431.998,145.295,345.531,195.828,425.601,198.956
261,236,2,457,267,350.433,89.212,442.608,95.4089,432.617,143.427,345.764,195.949,428.25,197.968
262,235,0,457,267,348.038,88.2618,440.252,92.538,432.385,142.093,348.092,196.714,429.222,196.954
263,235,0,456,269,348.569,89.8062,438.912,93.7667,432.67,142.332,348.829,198.242,427.687,198.142
264,237,0,455,270,347.544,90.8665,436.558,92.8504,429.994,142.473,351.723,199.852,426.719,198.14
265,235,-1,458,270,348.133,89.2362,441.532,93.3195,431.661,141.644,348.468,198.417,429.982,198.565
266,234,1,453,268,347.939,91.3575,439.33,96.33,431.182,143.525,348.342,200.1,426.569,200.827
267,234,1,453,266,348.228,89.3593,439.596,95.5669,429.904,144.676,346.55,197.676,426.749,199.516
268,235,3,453,267,348.59,91.5816,439.103,97.9881,429.704,144.672,347.734,199.408,425.497,201.367
269,235,3,454,267,348.685,91.3215,440.903,98.6208,429.179,144.948,346.867,199.451,426.256,202.302
270,235,3,453,269,346.366,91.8134,438.251,95.1347,430.038,142.454,350.164,201.597,426.864,200.664
271,249,-16,461,266,345.346,82.8034,427.915,85.1946,425.202,138.506,347.864,191.323,424.221,190.35
272,242,-19,465,273,346.733,81.2594,431.918,84.4996,428.06,137.877,345.243,189.198,426.971,189.284
273,242,-23,466,273,343.055,80.705,428.948,82.8143,425.147,135.344,347.768,192.148,425.233,191.191
274,246,-18,465,272,344.837,81.7517,429.813,84.6974,426.062,134.4,350.072,192.508,426.546,191.974
275,233,0,454,267,346.005,92.9914,436.883,98.6726,427.995,148.64,345.442,199.219,426.77,200.959
276,234,1,454,269,345.542,90.8154,437.902,94.6103,429.07,144.309,347.798,200.658,425.998,200.343
277,235,0,456,272,347.356,90.9989,436.845,93.2646,429.898,144.324,352.006,201.35,427.815,199.716
278,232,0,455,269,344.928,91.8185,435.628,93.8836,428.954,144.653,349.178,201.036,426.001,199.086
279,235,0,457,267,347.163,89.5008,437.029,94.0846,428.592,144.646,346.495,196.87,427.272,197.373
280,236,-2,456,266,346.3,88.4846,435.438,91.7157,427.439,142.568,347.12,196.2,425.694,195.62
281,235,-1,453,267,345.798,85.7134,436.415,87.3102,430.824,137.422,349.705,194.92,428.15,192.688
282,233,0,456,269,346.107,89.1445,436.887,90.7239,430.255,140.917,350.927,198.041,429.536,195.67
283,234,-2,454,272,346.164,87.5448,436.792,87.4954,434.587,137.577,353.728,198.672,432.006,194.774
284,236,-1,453,272,345.675,86.6643,437.238,87.2607,432.961,137.718,353.76,198.017,431.807,194.809
285,235,-2,451,269,344.861,86.5406,433.755,86.0041,431.427,135.972,353.113,195.871,429.18,191.465
286,236,-4,455,261,345.302,85.535,434.541,88.5866,425.134,141.994,345.454,194.025,422.809,193.848
287,241,-25,465,271,343.637,78.6064,428.973,78.1208,425.897,136.623,343.872,186.53,424.664,183.419
288,238,-16,463,271,347.608,81.8213,435.569,85.96,431.768,138.486,346.472,191.232,429.415,191.865
289,234,-14,462,273,344.782,82.2905,433.362,86.2431,429.45,140.9,343.554,194.566,426.601,195.232
290,233,0,456,263,340.984,90.9124,436.223,92.9202,426.906,144.823,346.315,198.744,430.642,197.531
291,236,-13,462,272,344.069,82.7913,432.71,84.8649,428.635,140.061,346.406,194.43,428.352,193.407
292,237,-16,461,271,342.994,80.7935,430.479,83.0002,427.89,134.599,347.475,190.816,428.716,189.509
293,240,-12,463,265,347.238,83.9744,432.453,90.9357,425.047,139.954,345.766,191.636,420.354,194.604
294,235,-11,463,264,345.138,83.4925,438.31,85.9614,428.506,140.48,348.919,193.606,432.917,193.418
295,231,-12,462,265,343.259,83.545,438.687,86.467,427.67,140.084,345.547,193.825,430.648,193.675
296,235,-12,454,262,345.708,83.8421,431.492,86.3508,425.284,138.366,351.147,192.643,426.827,191.278
297,236,-12,456,263,346.475,83.061,432.656,85.5943,426.017,137.738,351.091,191.375,428.666,190.256
298,234,-13,456,264,345.905,83.1459,432.286,85.9792,426.181,138.42,350.448,191.822,427.854,190.915
299,233,-15,455,263,346.21,83.0482,431.261,86.2386,425.574,138.538,350.325,192.046,426.892,190.939
300,232,-9,455,263,345.273,83.9358,434.374,87.8423,427.486,140.31,347.679,192.511,428.415,192.244
301,228,-13,461,267,347.939,82.9345,441.102,90.7258,428.114,142.251,343.673,191.417,429.854,196.028
302,234,-12,454,260,346.449,82.4212,431.214,86.9885,424.911,137.482,348.547,189.144,424.802,189.987
303,233,-11,455,262,345.377,82.3051,432.961,87.0508,425.566,138.742,347.496,191.376,426.065,191.927
304,237,-10,457,262,342.933,80.066,435.088,83.9352,423.496,136.31,346.164,192.74,428.791,192.441
305,233,-11,454,261,345.722,82.9907,434.208,90.089,423.013,140.56,343.042,189.679,422.669,193.535
306,234,-9,454,259,344.79,83.2698,434.207,90.1581,421.767,139.962,342.307,189.345,422.607,193.074
307,233,-11,454,261,342.317,82.351,433.819,87.7229,421.762,137.001,341.662,190.181,423.724,192.708
308,227,-13,462,266,345.348,82.7517,441.067,90.7582,424.184,142.936,340.104,191.652,428.053,196.795
309,227,-15,463,265,345.866,82.8607,442.56,91.0737,425.085,143.818,340.099,191.742,429.222,197.051
310,228,-12,461,265,345.695,82.8526,441.527,90.2755,425.707,142.839,341.005,191.198,429.379,195.851
311,230,-10,455,261,342.301,83.6402,434.925,90.8155,419.732,142.022,338.77,189.596,422.18,193.843
312,234,0,448,259,338.603,86.0996,428.963,86.1898,423.712,136.838,344.0,196.011,423.425,193.374
313,231,-10,459,264,336.44,83.8263,431.894,84.3032,418.194,139.927,341.866,194.123,426.693,191.858
314,230,-11,459,261,341.698,84.7147,436.974,89.2303,422.038,144.577,340.476,192.479,427.642,194.133
315,232,-5,457,260,337.215,83.1951,434.75,86.2756,419.748,141.33,339.446,192.064,426.896,192.215
316,232,-9,455,262,338.89,81.2808,434.835,85.8086,420.587,137.15,340.684,190.424,425.863,191.84
317,229,-13,461,265,343.722,84.4816,439.518,90.5662,424.348,144.87,340.964,193.155,429.001,196.285
318,231,-13,461,264,345.211,84.4386,437.782,89.5648,425.948,142.317,344.433,192.414,428.86,194.638
319,229,-14,462,265,345.95,84.5239,439.648,90.9692,426.62,144.556,342.707,192.948,429.231,196.475
320,232,-9,457,262,341.815,84.3707,435.146,87.2649,424.127,140.904,344.509,193.238,428.154,193.282
321,231,-8,460,275,338.885,83.7379,429.173,87.7386,423.258,140.669,338.832,195.19,423.884,195.608
322,233,-5,454,269,340.979,83.6161,427.732,89.7861,422.049,140.561,341.049,193.895,419.464,195.963
323,240,-7,454,265,339.541,80.6344,426.957,84.5824,420.6,138.89,339.721,190.09,420.91,190.457
324,232,-7,457,262,335.603,83.6963,430.794,84.8129,417.537,140.772,338.964,192.78,425.309,191.047
325,234,-12,455,271,339.506,80.4169,427.387,86.3975,421.994,138.069,339.88,193.077,420.083,195.055
326,226,0,458,273,336.123,88.7937,434.857,89.0154,423.799,138.223,344.993,203.037,426.151,199.694
327,227,4,451,266,341.499,89.7145,434.612,93.6543,426.328,139.794,342.05,196.558,423.124,196.188
328,234,-9,455,270,339.256,80.7608,427.579,88.007,420.255,138.422,336.524,191.626,419.182,194.918
329,228,-13,463,267,343.582,83.5168,441.189,90.2474,424.122,142.79,340.224,192.916,429.639,196.755
330,228,-15,464,267,344.346,81.9424,440.137,87.4143,426.067,140.589,343.005,191.917,430.603,194.661
331,230,-11,457,264,342.569,82.0077,435.479,86.4066,424.904,138.661,343.321,190.724,426.777,192.064
332,232,-8,453,260,340.262,82.7657,432.494,87.4952,420.305,138.106,340.771,189.723,422.899,191.546
333,230,-11,459,264,343.693,82.3832,437.987,87.9833,425.454,140.566,341.988,190.958,428.284,193.425
334,229,-15,464,268,345.709,81.874,440.615,87.3586,427.864,140.414,344.769,192.507,431.132,195.165
335,227,-13,463,267,344.192,82.0023,441.882,88.8132,427.385,141.584,340.816,192.252,430.797,195.863
336,230,-14,457,264,344.159,81.6619,438.418,87.4651,425.739,137.958,341.919,191.036,428.496,193.932
337,233,-13,456,263,345.403,80.5497,437.029,85.1702,427.461,135.219,345.222,190.255,429.017,191.733
338,241,-21,460,262,346.409,78.0725,426.998,85.0833,418.553,133.066,343.109,184.831,414.055,188.698
339,235,-29,464,271,347.827,78.3576,430.831,87.8491,423.594,139.604,339.791,185.491,417.547,191.126
340,231,-11,460,269,337.482,81.9273,435.67,83.9147,422.454,137.193,343.047,196.426,427.9,195.194
341,235,-12,461,266,338.548,80.7546,433.987,83.7731,421.852,137.706,342.96,192.394,427.214,192.311
342,234,-7,456,264,337.616,82.8746,433.755,83.1432,421.731,136.894,344.657,195.473,427.557,192.681
343,235,-10,457,262,339.769,82.2585,433.193,84.4261,422.4,137.75,342.94,191.409,427.56,190.468
344,232,-11,460,266,339.339,81.6652,436.032,87.1804,421.548,141.745,338.946,193.27,425.195,195.301
345,235,-9,459,261,338.074,80.3295,432.972,83.3257,420.388,137.765,340.646,189.993,426.391,189.954
346,233,-14,457,268,345.005,82.7347,437.988,86.6882,428.651,138.24,346.652,194.714,430.957,194.905
347,230,-14,460,268,347.994,82.8034,441.956,90.8714,428.23,140.486,343.321,192.447,430.1,197.29
348,235,-11,455,262,344.815,82.9798,432.638,85.8918,428.164,135.696,346.971,189.313,428.331,188.652
349,231,-16,457,265,346.225,82.2694,433.146,86.1994,425.406,138.632,344.165,191.347,426.996,191.713
350,230,-25,457,263,345.991,80.8358,429.784,83.9127,422.511,139.26,346.224,190.99,422.553,190.615
351,232,-23,450,258,344.422,84.1793,424.707,82.6488,423.477,135.359,350.84,188.999,423.084,184.256
352,230,-13,455,261,346.48,83.9072,433.191,86.1463,427.601,141.203,345.926,190.656,426.6,189.68
353,230,5,448,272,336.461,87.4111,429.084,90.6796,418.852,138.572,341.465,198.944,418.911,197.989
354,232,-27,461,270,344.18,79.2353,432.51,82.7968,421.808,136.24,345.651,194.342,424.001,194.905
355,227,-8,455,265,340.161,86.1217,435.315,87.4009,424.762,140.591,341.224,193.579,428.306,192.452
356,224,-9,456,267,333.535,89.4621,430.942,89.4286,419.191,147.229,336.722,197.766,426.079,195.096
357,227,-12,454,271,337.925,85.5371,424.899,89.9875,418.84,142.427,338.013,197.166,412.011,198.035
358,234,-23,458,273,340.077,82.4962,426.636,87.4682,418.001,141.545,338.518,193.464,415.931,195.322
359,224,-21,454,281,336.487,84.4815,431.692,82.7298,423.059,134.414,340.645,200.3,426.442,196.48
360,227,-8,452,276,335.614,85.2642,435.216,82.1449,423.592,133.474,342.385,199.162,430.979,194.596
361,231,-2,450,279,320.59,92.6762,408.612,88.8034,403.71,137.91,329.733,203.465,407.352,197.158
362,217,0,452,280,327.808,90.494,430.07,86.4628,417.061,142.336,334.471,205.418,426.722,200.032
363,215,0,449,283,326.242,96.9056,424.443,92.5678,414.321,149.804,335.258,212.129,421.281,205.466
364,216,-1,441,277,325.397,96.0665,418.072,90.1893,411.035,146.987,333.761,208.091,416.702,200.467
365,207,6,437,282,316.808,99.8853,412.448,94.8833,404.286,153.821,328.469,214.434,410.938,206.926
366,209,5,439,287,321.779,104.908,412.006,101.719,407.766,162.498,331.337,216.7,411.869,210.796
367,204,3,440,287,315.627,104.564,411.897,96.3417,405.053,157.987,325.265,217.875,411.793,207.811
368,207,1,435,295,312.326,103.903,404.467,95.6718,400.642,158.596,325.818,221.29,406.522,210.989
369,219,0,449,293,308.453,103.221,402.767,91.0927,391.461,155.686,321.594,218.068,407.623,205.129
370,207,-14,444,292,317.558,106.071,408.713,96.9328,401.48,161.085,326.924,221.374,408.594,211.421
371,211,-2,434,293,317.754,108.807,409.96,103.815,398.458,168.419,323.806,222.623,408.2,215.897
372,221,-6,457,303,309.125,109.766,399.422,98.7756,391.138,165.982,322.147,225.899,402.815,213.949
373,207,-1,440,306,311.581,113.268,402.725,100.584,399.348,166.57,328.171,230.782,408.328,216.968
374,211,0,439,304,313.29,115.506,407.396,109.17,392.063,180.144,320.059,231.56,405.15,223.954
375,208,0,444,303,314.103,118.645,403.165,106.237,398.17,171.13,328.495,232.638,408.198,219.551
376,213,0,452,311,308.013,117.228,399.078,106.002,389.827,176.848,317.329,233.766,401.64,221.578
377,217,-2,448,305,311.403,115.988,397.706,103.471,395.046,171.85,325.729,231.017,402.336,217.558
378,211,0,451,314,309.307,117.815,399.36,108.635,391.893,176.245,316.655,234.404,399.393,224.019
379,206,-1,441,315,312.381,117.987,412.17,113.019,398.952,182.469,315.533,239.825,415.677,232.838
380,208,-1,445,305,313.999,118.064,402.957,109.585,394.25,174.109,324.36,231.516,403.874,222.087
381,208,-1,444,303,312.516,117.216,401.668,109.684,391.784,174.394,322.34,230.25,402.114,221.719
382,206,-3,445,310,315.247,116.319,404.832,104.82,401.666,173.286,329.864,233.86,409.253,221.227
383,205,10,441,315,307.274,118.415,405.034,109.849,395.048,178.268,317.082,238.427,402.963,227.978
384,207,4,436,313,306.142,115.145,401.962,107.123,392.834,171.188,311.905,232.534,401.957,222.7
385,204,-9,444,313,323.345,111.136,409.003,104.156,411.538,169.068,336.329,230.957,412.791,221.585
386,208,0,439,303,318.759,111.968,407.813,107.194,401.764,173.662,327.898,227.766,407.854,221.063
387,204,-9,443,315,320.68,112.74,406.968,104.472,409.351,171.22,334.654,232.682,411.554,222.174
388,204,-9,443,314,318.218,112.55,407.033,104.608,406.397,171.473,330.039,232.776,410.315,222.793
389,206,0,438,308,307.07,115.169,400.199,105.841,393.65,174.427,315.651,232.68,401.566,221.808
390,206,1,435,305,314.022,112.58,402.595,109.335,393.292,170.477,322.423,229.341,398.975,224.06
391,213,-1,443,300,306.333,113.968,399.411,98.7265,394.689,169.126,325.009,229.934,404.195,213.749
392,208,3,432,302,309.536,114.228,399.259,103.863,395.805,168.25,324.389,228.753,402.641,216.841
393,212,-2,452,304,308.717,108.784,400.861,95.7692,391.345,164.843,323.903,228.037,406.69,214.501
394,200,0,439,311,312.652,112.948,406.72,106.374,401.55,174.085,323.81,234.433,408.018,225.487
395,210,-6,451,306,310.267,111.169,401.618,96.7357,392.671,168.838,326.51,231.139,405.059,216.305
396,208,0,437,301,304.149,112.059,399.025,101.49,389.967,170.624,319.564,234.143,396.135,221.635
397,213,-7,453,308,310.311,108.979,403.901,103.055,397.913,164.468,318.83,226.872,400.475,218.271
398,202,-6,439,311,307.853,110.242,401.569,102.488,393.08,168.301,317.979,232.727,401.642,223.567
399,210,1,441,302,307.295,113.32,402.394,100.243,396.001,168.083,325.464,233.133,403.676,218.539
400,215,0,450,306,305.763,108.056,400.706,104.112,387.454,163.83,312.087,224.143,394.535,217.523
401,208,0,439,302,309.577,114.453,401.472,100.057,393.999,161.907,325.468,228.668,404.722,214.045
402,209,3,441,303,306.514,114.819,401.832,102.296,386.791,164.517,320.305,229.203,401.263,216.556
403,217,10,437,296,312.928,113.127,405.898,102.413,390.836,162.891,325.98,225.889,403.697,214.623
404,216,7,435,295,311.628,116.796,402.961,99.0221,393.806,161.95,330.752,226.926,409.566,209.668
405,217,6,436,295,312.701,114.879,403.779,102.568,392.32,163.996,328.003,225.859,405.175,213.316
406,219,5,437,297,310.157,115.345,402.314,100.366,389.433,163.44,327.84,228.703,404.898,213.78
407,218,8,430,294,308.465,116.295,399.632,100.977,389.519,163.235,328.329,229.502,401.357,213.879
408,216,4,434,298,309.709,113.842,400.079,102.238,389.195,163.169,324.459,228.352,398.904,215.882
409,225,18,442,295,307.94,117.61,399.816,101.031,384.164,163.307,325.623,226.856,402.544,210.603
410,218,5,434,295,305.657,114.686,399.282,98.7129,385.368,161.981,325.81,228.289,401.829,212.235
411,225,19,438,294,308.773,114.685,398.483,99.8367,383.197,161.466,326.438,225.833,398.779,211.28
412,221,4,436,286,309.474,112.882,399.409,98.4446,387.283,157.687,329.747,222.966,400.775,208.117
413,217,3,436,297,307.509,114.337,399.048,99.0304,387.617,162.471,327.679,228.872,400.88,213.322
414,219,2,434,295,307.798,114.664,399.084,100.203,387.077,163.271,327.125,228.262,401.091,213.429
415,215,3,434,295,307.112,113.143,397.988,94.1883,389.736,159.636,329.88,228.558,403.43,209.885
416,211,4,432,299,302.344,111.314,397.921,99.5804,381.972,160.527,317.598,226.598,394.077,213.601
417,213,4,431,293,304.032,109.406,398.411,94.7494,386.602,158.925,322.2,225.716,399.719,210.552
418,205,10,432,304,303.245,113.852,401.922,102.531,387.789,163.45,319.046,231.617,401.497,218.999
419,209,9,433,298,301.048,112.316,397.795,100.022,382.572,164.389,316.472,228.106,398.068,215.01
420,209,-2,437,301,310.225,111.49,400.382,94.094,396.666,159.711,331.121,227.013,408.795,209.63
421,205,-2,437,308,304.839,108.639,400.391,97.4184,389.178,163.014,318.768,228.377,401.987,216.099
422,204,-7,433,306,305.995,107.471,398.261,93.9242,393.515,162.488,323.838,228.655,404.169,213.912
423,203,-11,441,309,313.623,109.0,405.91,92.0357,403.821,159.929,331.631,229.12,413.672,211.911
424,209,-10,442,301,310.485,110.378,402.423,92.1074,397.381,163.181,330.271,227.192,412.336,209.387
425,208,-8,441,304,308.625,110.074,400.227,91.7159,396.737,161.057,330.053,227.668,410.649,209.52
426,209,-8,441,304,310.111,110.358,400.887,91.3014,398.083,160.372,332.05,228.1,412.162,209.438
427,208,4,440,304,301.918,112.326,396.084,94.1363,387.145,163.032,324.627,228.862,405.704,210.931
428,206,-1,449,322,305.132,113.974,406.671,104.82,394.365,170.787,319.043,239.007,405.728,228.145
429,214,-12,442,292,310.727,105.805,398.325,85.9619,396.891,155.882,335.127,222.905,408.545,203.588
430,206,5,438,307,303.555,113.748,401.381,98.3382,391.984,167.396,321.592,228.971,408.862,213.154
431,204,10,443,304,302.164,119.388,403.514,102.049,391.714,169.14,325.329,233.125,412.383,215.831
432,205,12,444,306,306.968,118.873,408.613,105.042,395.538,167.709,326.899,235.372,414.03,221.023
433,211,12,434,306,312.277,114.009,408.251,100.364,397.039,163.744,331.472,232.394,410.781,217.587
434,215,9,436,304,310.422,114.741,405.655,96.9419,394.048,165.817,331.046,232.974,410.405,215.093
435,212,-7,450,304,312.128,109.975,405.052,91.7369,396.244,160.384,332.784,230.823,411.813,212.574
436,211,1,450,317,313.002,113.321,413.33,103.135,401.163,165.132,328.218,235.672,413.392,224.222
437,203,3,447,310,312.814,118.29,409.922,100.083,405.314,166.906,339.363,236.918,420.717,218.427
438,205,0,449,308,312.294,119.61,409.649,100.533,405.605,169.006,340.404,238.573,420.97,219.54
439,204,2,447,309,317.988,117.896,412.516,97.1839,415.075,163.581,349.257,237.31,427.546,216.291
440,205,6,451,311,310.415,119.918,410.822,103.163,401.019,168.253,336.026,239.016,417.987,222.107
441,201,2,451,312,310.436,116.661,408.634,99.3373,402.12,165.964,337.729,238.257,419.037,220.558
442,202,0,449,315,316.274,116.189,409.71,94.0117,412.792,162.507,349.909,239.882,427.683,217.688
443,204,7,448,314,313.034,117.837,410.463,99.634,405.595,167.466,340.482,237.598,422.349,219.126
444,204,7,448,314,312.841,119.933,412.896,103.684,404.74,169.761,338.945,239.192,423.162,222.445
445,203,5,447,314,312.835,117.813,412.444,97.3136,408.101,168.161,343.363,240.533,425.746,220.08
446,201,2,448,315,318.884,118.886,413.169,101.278,415.284,165.378,348.818,240.637,425.91,222.394
447,213,-12,455,312,316.491,104.532,410.063,87.8868,406.97,159.48,341.805,235.128,416.914,217.97
448,204,-7,445,313,325.08,110.606,414.903,95.5251,417.633,161.374,344.623,232.357,422.858,216.289
449,209,-23,448,316,330.483,106.176,415.221,95.5179,416.729,160.222,345.169,230.206,417.901,218.12
450,206,-10,445,308,326.758,108.554,414.077,91.8335,419.622,159.681,347.043,229.733,422.533,212.268
451,206,-11,447,312,329.105,106.708,417.184,92.6084,419.694,160.811,348.14,231.097,422.534,215.963
452,206,-11,445,311,326.914,108.501,414.034,92.6756,419.912,160.972,347.605,231.532,422.022,214.728
453,206,-10,447,313,322.018,104.703,413.636,92.2315,409.634,159.251,339.238,229.61,418.398,216.266
454,202,-2,447,316,327.069,112.831,419.691,99.7883,420.417,164.748,345.6,236.08,423.707,221.944
455,211,3,452,320,322.648,116.619,422.304,106.843,414.018,167.619,338.794,240.917,425.075,230.132
456,203,0,445,316,312.396,115.836,408.941,93.7434,409.856,166.345,345.456,240.433,425.314,218.237
457,206,0,445,310,311.53,112.78,406.723,93.6476,403.575,162.195,338.36,233.775,419.912,214.703
458,202,-9,448,312,326.247,108.228,416.221,94.199,422.268,157.07,345.252,228.884,423.932,213.702
459,211,-18,450,312,332.287,104.899,420.624,94.6175,419.284,156.927,346.45,230.754,422.897,219.174
460,210,-8,446,312,323.243,111.467,409.924,94.6297,410.918,163.39,345.648,235.629,419.664,218.051
461,209,-8,447,313,323.919,109.926,413.67,94.473,413.18,161.782,346.054,235.032,423.073,218.938
462,209,-8,445,305,323.185,107.503,413.576,91.7708,414.29,158.003,346.603,230.548,421.468,214.168
463,209,-8,446,312,326.526,106.919,416.151,92.4897,418.032,156.311,350.164,232.561,423.187,217.251
464,207,-3,442,306,323.369,107.819,412.384,93.0074,415.612,158.996,346.149,229.321,421.609,213.522
465,215,-5,456,318,323.713,109.507,419.656,100.035,412.943,161.986,341.938,238.661,422.036,227.942
466,214,-8,454,315,322.041,110.692,416.679,98.835,412.772,162.973,340.964,237.605,423.096,224.632
467,219,-12,455,315,323.227,105.402,416.663,94.2244,413.182,156.385,342.139,234.524,422.767,221.88
468,215,-7,446,306,324.344,108.253,412.955,91.1291,413.858,157.095,347.461,230.957,423.522,213.403
469,214,-5,445,304,322.963,106.693,414.486,91.6469,412.06,158.004,343.302,228.809,421.845,213.262
470,218,-13,458,316,322.514,107.221,414.018,90.2896,413.961,159.364,347.379,237.678,424.117,220.139
471,213,-6,451,312,323.465,107.996,417.289,92.27,414.154,157.346,345.062,232.592,423.614,216.329
472,214,-7,449,312,322.494,107.473,414.372,89.6736,413.592,154.027,348.651,233.927,424.033,215.994
473,210,-5,452,313,322.756,109.587,416.391,94.7962,415.079,158.795,344.181,233.433,424.388,217.829
474,209,-9,447,314,322.679,106.857,415.713,89.506,413.381,157.631,348.527,233.711,425.907,216.206
475,208,-9,449,315,331.649,103.466,423.765,95.5402,423.002,158.687,347.134,230.94,425.134,221.338
476,204,-8,447,311,326.613,107.116,416.871,93.769,421.005,160.173,345.506,229.848,423.703,215.277
477,213,0,445,309,326.819,112.299,416.574,98.7071,417.65,160.907,348.688,235.77,424.106,221.323
478,213,-6,443,307,323.987,110.073,412.565,94.5359,413.941,159.367,348.036,234.015,422.781,217.918
479,212,-1,448,312,323.763,110.28,418.452,99.1425,414.007,163.001,343.059,237.882,421.989,225.724
480,201,-6,450,313,331.16,108.709,420.841,100.175,424.033,160.907,345.611,229.199,424.402,218.765
481,210,-7,446,307,321.884,106.509,411.317,89.4698,413.036,157.447,344.884,229.312,420.743,211.813
482,211,0,443,306,322.502,111.349,412.995,99.0799,411.636,158.326,343.817,232.124,419.781,218.785
483,205,-7,446,309,329.084,106.411,418.204,96.4927,421.804,160.242,345.381,228.321,422.077,216.691
484,215,-10,447,309,320.816,106.102,410.284,93.1825,409.232,154.577,341.656,233.214,417.196,219.197
485,212,-11,446,310,325.516,98.6399,416.202,86.7849,409.912,154.38,346.821,230.544,421.278,217.924
486,214,-13,448,310,328.256,96.8735,418.782,85.1382,415.359,147.178,351.327,229.813,424.869,217.234
487,213,1,448,306,322.143,112.049,415.5,101.505,411.287,162.413,337.814,232.387,418.426,220.326
488,205,4,450,307,325.4,113.229,417.131,100.187,418.076,159.81,348.183,230.991,426.561,216.75
489,217,-16,448,306,327.637,102.546,415.569,94.2839,413.95,155.139,342.939,229.884,416.303,219.689
490,213,0,449,305,320.871,109.711,415.042,99.0346,409.073,160.984,337.196,230.758,418.04,218.612
491,209,-8,447,307,327.464,103.766,418.607,93.2094,417.546,156.552,345.627,227.581,422.892,215.801
492,214,-4,441,301,324.339,109.093,409.66,95.9049,410.734,156.099,344.115,230.951,416.302,216.372
493,216,-3,441,300,323.705,108.462,409.728,95.4607,410.186,155.937,343.372,230.04,416.686,215.558
494,215,0,449,310,327.031,108.919,419.659,101.989,416.895,159.09,339.988,232.482,418.9,223.528
495,213,-15,447,313,327.242,99.2793,416.719,86.5246,415.696,150.213,349.312,231.269,422.263,217.29
496,208,-4,444,308,323.512,104.488,414.062,93.4811,413.709,156.321,342.585,227.708,418.382,215.268
497,211,-2,442,303,319.211,106.33,408.604,90.0123,409.97,154.483,344.036,227.058,418.257,210.131
498,211,-3,443,302,320.184,107.456,409.733,92.2516,409.829,154.682,344.918,228.552,417.863,212.611
499,210,-1,440,301,320.947,107.957,408.967,93.6108,410.824,155.203,344.307,227.536,417.24,212.344
500,210,-1,443,304,321.366,107.254,412.898,94.2889,411.218,153.848,344.727,230.254,418.495,216.278
501,211,-4,442,301,322.089,106.843,411.947,94.9378,411.169,155.622,343.243,227.75,416.582,214.563
502,213,-1,442,301,322.125,106.746,411.299,92.129,412.587,153.264,345.727,226.739,419.186,211.361
503,210,-4,445,302,322.666,104.145,412.494,90.7598,412.96,153.424,345.027,225.915,419.135,211.526
504,207,-11,448,307,326.223,101.538,417.075,92.757,415.75,154.872,343.092,225.712,420.621,215.316
505,208,-10,448,305,327.353,100.524,418.355,92.7001,416.588,154.703,343.21,225.447,420.183,216.082
506,205,-3,444,302,327.651,102.633,422.518,96.8173,419.538,155.346,342.804,224.919,421.463,217.046
507,204,-2,443,302,323.157,105.595,420.352,96.0335,417.991,155.787,342.518,227.851,422.223,216.789
508,204,-4,445,304,323.769,106.021,417.306,94.8916,418.043,157.966,344.759,228.961,421.083,216.643
509,202,0,444,305,318.897,108.441,416.141,94.3448,413.281,158.655,341.516,229.96,420.845,215.308
510,208,-10,445,304,324.764,104.993,414.187,93.9515,414.061,156.086,343.323,226.085,419.972,213.672
511,209,-8,445,302,322.894,103.459,414.766,93.2522,412.259,155.731,341.164,226.023,418.997,214.433
512,209,0,443,301,320.806,105.33,415.03,95.999,409.671,152.868,340.014,228.573,417.366,217.808
513,208,-1,444,300,320.057,104.072,412.126,92.5817,407.94,153.806,339.945,226.025,418.617,213.524
514,212,-20,452,300,323.059,91.241,411.893,81.9343,415.055,151.878,339.937,219.536,414.271,208.698
515,208,-3,445,298,324.284,102.814,414.872,93.0859,412.632,151.468,341.177,224.185,419.418,212.724
516,212,-21,452,310,328.748,95.9995,410.84,90.0542,419.161,149.881,339.472,218.235,414.989,209.833
517,207,0,444,302,321.82,105.251,414.4,94.7072,410.546,154.993,340.286,226.477,420.189,214.572
518,211,-27,449,308,330.377,97.0734,410.504,88.1676,421.047,149.633,344.946,218.56,417.103,207.375
519,212,-24,452,309,331.345,97.1821,413.56,90.5439,420.855,150.298,343.637,218.955,417.258,209.815
520,206,-9,446,302,325.488,101.059,418.825,93.7202,414.686,156.642,340.133,224.167,419.131,214.99
521,211,-3,443,300,324.043,102.938,413.808,94.9377,411.736,155.196,339.782,223.192,415.311,213.439
522,211,-4,443,299,325.221,101.888,414.524,93.2675,412.721,153.449,340.441,222.533,418.24,212.324
523,213,-4,442,298,325.199,102.968,414.809,91.6961,412.658,151.302,344.018,222.327,419.749,209.856
524,213,6,446,303,317.968,110.757,418.299,102.911,410.45,162.016,330.511,228.865,418.361,219.199
525,218,8,443,299,320.564,108.593,416.408,100.667,411.234,159.92,332.101,225.206,416.829,215.394
526,214,-11,447,299,322.236,101.73,410.363,86.8147,411.187,146.886,342.085,223.623,419.63,207.545
527,220,-9,454,297,316.381,99.0281,412.513,87.2964,408.315,157.843,331.897,219.996,417.868,206.797
528,212,-5,442,297,328.346,103.362,416.934,95.6699,414.745,153.332,340.888,220.048,419.197,210.444
529,214,10,435,298,317.33,107.38,414.88,95.3804,408.296,157.46,341.607,230.727,419.145,217.116
530,213,8,437,300,317.177,106.225,412.416,90.3379,410.005,154.384,344.745,229.164,421.411,212.307
531,214,6,437,294,319.696,104.119,413.386,93.5998,410.231,152.584,337.247,221.852,418.315,209.823
532,213,5,439,299,321.954,105.4,415.027,94.5511,412.096,151.832,341.672,223.968,418.522,211.724
533,215,7,437,294,322.363,107.578,414.468,97.2157,412.676,154.206,340.244,222.193,420.498,210.268
534,212,0,439,294,323.415,102.385,414.847,92.0795,414.416,153.012,339.182,219.654,421.086,207.488
535,214,5,438,294,323.262,106.294,416.09,97.3611,413.852,153.981,338.738,220.863,422.034,210.078
536,216,-4,444,293,324.152,103.215,415.224,88.0698,415.105,148.364,344.916,218.739,425.094,202.71
537,216,-4,447,296,324.215,102.411,417.856,86.783,415.841,147.39,346.037,219.554,427.738,203.363
538,219,0,443,287,326.087,106.199,413.551,91.3388,413.97,149.101,344.941,217.945,423.983,202.45
539,217,2,442,289,323.159,103.546,413.87,88.1742,413.638,146.511,344.251,215.488,427.016,199.321
540,228,-19,461,286,319.029,95.0629,415.814,78.9921,413.828,144.43,339.162,211.819,428.016,195.316
541,214,-2,444,281,322.872,97.425,415.384,84.7419,412.325,145.829,338.52,210.813,422.981,197.189
542,218,-9,446,284,322.961,96.2973,411.656,77.2183,411.779,146.822,343.332,210.596,424.289,191.335
543,217,-14,448,285,330.354,91.0683,419.879,81.3334,419.082,144.799,340.675,206.514,424.109,195.286
544,216,-8,442,284,328.655,93.2877,417.573,83.967,414.898,146.002,338.11,207.181,421.498,196.103
545,213,1,444,277,323.582,99.1778,417.945,93.3565,408.393,150.228,331.749,209.4,417.474,202.043
546,214,1,442,273,322.421,96.0053,417.331,87.2631,410.78,146.966,332.681,204.582,421.372,194.507
547,209,-5,453,276,322.26,98.8329,420.879,91.927,409.023,155.218,331.807,208.759,421.334,200.347
548,211,0,447,276,322.0,98.3952,419.829,93.5033,406.336,152.141,329.153,209.513,416.867,203.053
549,211,2,438,275,314.946,96.7464,412.294,91.4073,398.948,151.149,323.396,207.82,410.061,200.562
550,210,1,440,277,313.372,96.8358,410.165,90.9134,397.139,151.211,324.076,209.328,408.196,201.328
551,202,0,447,280,319.867,100.03,421.878,98.8287,403.083,156.539,323.754,212.271,414.192,209.112
552,220,-11,446,277,317.659,91.1321,411.684,82.7079,399.988,146.26,327.192,204.083,413.51,194.326
553,213,-7,446,275,321.949,92.258,419.121,86.3164,407.487,146.4,325.819,204.069,418.861,196.68
554,231,-7,452,274,315.842,94.9677,406.869,87.1488,398.139,148.319,327.774,203.474,413.311,194.118
555,214,-5,444,277,326.135,94.6702,419.086,89.0432,412.634,146.187,331.717,204.474,420.698,196.831
556,229,-12,451,279,317.285,92.7513,410.846,85.6889,400.247,149.325,324.728,203.748,411.722,195.398
557,211,-3,448,275,325.928,101.112,420.653,91.7553,414.543,155.108,335.325,207.678,425.861,196.847
558,232,-12,451,278,316.754,93.4415,410.38,85.0596,399.656,148.025,325.895,204.828,412.52,195.455
559,229,-10,449,278,316.911,95.2173,408.613,86.4325,399.514,148.659,326.986,204.7,411.434,194.559
560,214,0,445,279,320.511,98.0759,414.445,94.3269,402.325,153.754,324.772,208.857,412.292,203.25
561,213,3,449,278,325.859,103.206,423.247,100.079,408.701,159.313,331.208,211.256,420.751,206.293
562,212,2,451,279,326.753,102.731,424.268,99.6512,410.015,159.05,332.711,211.977,421.157,206.92
563,212,3,451,280,330.61,104.167,427.452,105.081,412.178,162.347,331.597,211.028,420.852,209.702
564,228,1,445,275,319.777,97.7019,411.337,93.6623,400.775,151.573,324.24,204.083,408.539,197.573
565,227,-2,450,280,321.523,97.7583,411.551,92.2643,400.376,153.618,329.32,208.04,409.721,200.636
566,227,0,449,277,319.58,101.053,409.103,96.1068,395.681,156.046,329.228,209.103,407.942,202.174
567,226,0,447,275,320.834,100.795,410.381,96.2345,397.393,155.774,330.732,209.03,409.583,202.234
568,216,5,446,279,325.894,102.503,416.205,101.683,404.005,161.61,330.289,210.298,413.847,206.846
569,217,5,448,282,332.092,101.484,422.157,102.425,411.582,159.406,333.674,209.728,417.914,207.919
570,214,3,444,281,327.762,103.669,417.22,103.939,406.311,160.396,330.824,210.493,413.921,208.059
571,213,3,443,283,329.876,104.384,418.985,105.259,409.344,159.659,332.529,211.305,414.919,209.347
572,213,2,447,286,330.122,103.202,421.928,105.375,408.595,159.544,329.937,211.743,416.002,211.226
573,213,0,451,287,329.416,101.515,422.991,102.032,409.431,158.655,329.658,211.703,418.035,210.129
574,214,2,445,279,329.948,103.276,420.405,101.21,411.068,158.117,334.66,209.346,417.982,204.98
575,214,5,447,286,330.673,104.424,422.23,105.153,412.868,161.679,332.421,212.583,419.267,210.443
576,216,8,443,287,327.698,105.317,418.345,102.319,410.897,160.081,333.511,213.525,418.165,208.091
577,215,8,445,287,326.215,107.147,417.766,105.497,406.463,162.443,331.031,215.289,416.721,211.226
578,227,-11,457,288,316.07,93.9269,412.02,89.2069,397.83,151.185,321.251,207.672,411.434,201.297
579,225,5,445,288,316.37,102.802,408.458,101.831,396.197,156.227,318.462,211.419,403.011,207.488
580,211,14,434,291,311.627,110.077,407.34,102.938,394.682,163.511,319.627,220.423,406.847,211.568
581,211,11,436,290,308.093,110.628,405.311,101.79,390.514,159.619,317.857,220.132,407.319,210.255
582,206,12,438,294,308.636,115.684,409.76,110.2,393.417,168.241,317.05,226.64,406.607,219.208
583,221,-10,449,285,306.802,101.577,399.849,92.7026,389.639,154.096,320.238,212.951,403.417,202.273
584,213,-1,443,292,309.173,103.259,405.201,92.2388,391.253,159.774,319.231,220.01,407.199,208.637
585,204,-4,435,294,314.502,102.709,409.48,93.1661,402.048,154.163,323.903,217.97,408.529,207.301
586,206,6,437,289,303.085,111.262,401.605,98.4825,388.594,162.891,318.544,224.749,404.302,211.574
587,198,14,426,296,290.151,116.967,390.057,103.562,380.526,167.067,306.307,229.66,393.237,215.121
588,197,-14,441,306,296.97,105.695,396.345,95.5408,381.139,165.66,305.802,225.82,395.617,214.97
589,196,4,425,296,291.468,112.168,390.294,99.0192,379.947,162.751,307.935,228.025,392.117,213.732
590,192,5,424,302,281.954,115.995,386.102,106.934,368.257,172.283,293.128,231.254,384.197,220.849
591,197,0,440,304,291.453,112.045,386.283,107.258,372.641,170.351,293.163,224.413,383.126,218.197
592,196,-4,444,307,284.957,109.427,385.024,105.141,366.706,171.421,285.34,226.178,381.813,220.915
593,188,8,428,310,279.522,118.533,388.928,111.707,367.653,178.999,284.306,236.632,381.143,227.944
594,189,-2,430,305,284.042,114.127,382.201,105.382,370.048,173.214,287.01,228.708,378.051,218.892
595,193,1,433,306,281.604,118.11,384.269,109.045,359.098,178.877,287.804,235.672,379.277,226.847
596,191,-4,437,309,282.6,118.356,380.651,101.607,369.441,172.89,295.672,232.11,385.421,215.828
597,190,1,432,308,278.914,120.516,382.697,107.485,360.151,178.804,290.938,236.502,381.324,223.988
598,195,-1,436,307,283.864,122.361,380.495,106.285,368.027,174.036,299.325,234.842,383.453,219.066
599,187,0,432,306,274.902,120.22,381.217,109.532,361.147,187.7,281.73,234.334,379.577,223.388
600,195,6,433,305,279.116,122.249,380.66,109.016,364.082,178.535,293.331,234.947,381.032,221.521
601,189,0,434,313,278.358,122.212,380.526,110.028,364.307,183.494,290.081,238.421,378.925,225.877
602,184,-6,438,312,278.927,119.177,388.962,110.059,367.976,184.094,285.913,238.361,383.503,228.649
603,186,-5,440,310,277.866,119.784,388.508,110.677,368.325,183.684,283.502,237.078,382.731,227.388
604,186,-1,435,317,277.014,123.623,379.386,111.186,360.879,181.712,285.473,240.048,378.69,227.974
605,187,-3,435,308,278.586,120.366,386.435,109.252,367.389,183.557,286.742,237.237,383.982,225.921
606,194,8,432,308,274.94,121.22,378.941,110.629,351.413,181.756,285.05,237.754,375.11,227.793
607,188,-2,434,313,279.737,123.477,379.121,106.177,366.188,177.168,292.787,238.411,382.543,221.675
608,187,-6,436,316,280.576,121.096,379.453,106.666,365.377,177.716,292.124,238.334,379.21,223.95
609,199,4,434,300,281.88,122.224,380.915,104.919,367.068,174.248,298.142,231.334,385.67,214.655
610,202,6,434,301,281.454,122.887,379.158,107.393,363.928,175.216,296.343,231.214,381.18,216.121
611,200,5,433,298,282.648,123.174,380.225,105.706,366.77,174.492,299.314,230.662,386.006,213.836
612,195,5,427,305,280.103,124.114,378.439,107.721,360.916,178.029,296.456,239.503,380.918,224.153
613,195,8,429,304,276.734,124.393,378.274,109.821,355.256,178.185,290.742,237.66,379.225,224.201
614,193,2,434,310,279.567,122.801,379.498,108.981,358.822,177.645,293.112,238.448,379.655,225.241
615,202,2,435,301,284.455,122.122,380.618,106.689,366.645,173.398,299.144,230.734,382.995,215.811
616,194,-4,424,296,276.182,119.583,383.806,106.318,352.156,176.621,292.917,236.449,380.977,224.796
617,205,10,443,311,280.668,116.236,376.835,109.372,361.914,172.704,290.793,230.798,379.039,222.246
618,207,7,439,303,282.178,117.569,375.657,102.022,364.097,170.593,298.489,228.44,383.813,212.689
619,195,-3,423,295,278.632,120.06,385.387,107.612,356.651,174.68,295.42,238.008,381.385,226.775
620,190,3,432,311,276.018,119.658,378.332,109.948,359.123,176.851,283.86,235.118,374.452,225.245
621,195,7,428,303,276.891,123.59,377.819,109.721,355.066,178.438,289.887,236.866,378.887,224.056
622,183,0,434,309,278.006,115.685,389.585,106.718,370.433,176.834,285.185,237.846,382.702,227.887
623,196,-2,436,305,281.421,119.472,378.596,102.775,364.641,172.203,296.193,233.632,381.923,217.615
624,197,-2,435,301,279.826,121.369,382.002,103.55,361.307,175.295,301.852,236.031,387.075,219.303
625,182,0,425,311,277.077,114.319,381.502,107.618,361.911,177.706,274.778,230.351,377.044,222.977
626,196,-1,437,307,281.158,118.724,377.638,101.985,363.985,172.135,297.478,234.821,381.622,218.583
627,184,5,428,312,275.611,116.198,388.213,109.5,366.792,177.455,281.512,237.45,379.729,229.267
628,180,0,427,311,272.503,113.218,377.464,108.137,356.388,177.148,269.032,230.232,371.994,224.17
629,183,0,425,309,275.182,113.292,380.256,105.566,360.076,176.731,274.804,230.473,374.963,222.189
630,192,-7,438,310,281.764,118.815,380.307,102.531,367.364,174.164,294.361,233.53,384.448,217.406
631,199,4,424,294,271.376,120.431,379.12,107.25,347.452,178.529,284.313,231.535,378.603,220.042
632,195,-2,441,309,282.071,115.899,380.189,103.543,366.057,171.385,291.724,230.312,384.002,217.632
633,197,0,439,310,280.661,115.024,377.422,104.001,362.828,171.889,290.172,230.444,379.06,218.844
634,195,-1,436,308,282.082,114.824,376.892,103.952,362.687,172.881,290.134,227.303,380.275,215.886
635,197,2,421,295,272.044,121.216,379.301,105.941,352.158,180.24,286.573,235.272,381.089,221.511
636,195,8,427,301,275.11,118.01,377.483,106.343,354.909,175.095,287.702,232.782,376.656,221.249
637,196,4,421,299,274.37,121.683,379.332,107.389,353.353,177.582,288.896,237.276,380.075,224.4
638,195,2,419,296,274.784,121.636,379.584,105.663,354.647,177.391,291.404,237.282,380.034,223.047
639,188,-4,436,309,279.732,119.129,384.834,104.955,366.111,175.685,289.461,233.435,384.924,219.847
640,194,6,417,294,272.003,122.886,377.002,104.425,353.449,175.659,290.576,235.166,382.91,218.704
641,194,3,418,293,275.535,121.506,378.185,102.557,358.387,171.874,295.929,234.104,385.315,216.818
642,194,7,428,301,274.549,120.031,378.646,107.798,351.845,174.561,287.514,234.621,377.463,223.21
643,195,4,418,294,272.821,123.127,378.512,104.328,354.568,174.99,291.586,235.289,383.9,218.553
644,193,3,417,294,273.124,123.38,378.732,104.283,355.189,174.735,292.971,236.716,383.294,219.648
645,196,5,421,295,272.877,122.937,380.187,104.895,355.004,176.507,291.325,234.83,385.684,218.736
646,190,0,432,307,276.415,115.222,381.439,108.579,354.34,179.097,281.604,232.863,374.139,226.004
647,189,0,431,307,276.418,115.199,381.391,109.296,353.416,178.39,281.76,233.703,373.393,227.583
648,191,-2,440,311,278.926,113.368,378.659,105.352,362.7,172.716,283.98,230.06,380.497,221.231
649,184,6,425,304,277.278,119.971,383.505,108.375,363.374,176.017,287.583,235.626,381.096,223.746
650,193,-7,439,305,280.305,114.747,379.667,96.9683,364.226,166.178,297.424,230.111,386.378,213.079
651,192,0,420,295,273.13,118.32,382.678,107.724,353.692,180.182,285.047,233.421,381.55,223.511
652,196,-1,437,307,282.07,116.926,377.333,104.925,363.14,170.719,292.037,230.678,379.893,218.214
653,185,4,427,304,276.23,117.912,384.139,105.387,362.96,173.95,287.294,234.33,383.407,221.765
654,192,-1,440,310,280.145,114.879,378.274,104.084,362.973,170.29,289.581,230.722,380.643,219.374
655,189,0,431,308,280.402,115.053,374.914,104.676,361.442,172.593,287.344,228.901,376.609,217.383
656,193,4,430,305,277.897,117.484,375.688,106.699,361.569,171.67,287.249,230.796,377.27,219.333
657,191,-4,435,303,280.423,118.251,376.951,99.7253,365.106,170.229,297.352,230.51,383.815,212.496
658,191,3,430,303,277.755,120.259,376.049,105.539,361.382,176.019,291.828,232.701,379.402,217.671
659,188,0,423,302,277.252,120.315,381.098,108.311,359.72,174.696,290.538,235.893,378.441,223.899
660,186,-1,428,306,276.371,119.297,382.823,105.263,361.542,175.166,291.287,236.409,382.989,222.691
661,195,5,434,311,275.324,115.822,372.118,107.893,357.079,174.504,282.955,231.353,373.376,222.547
662,192,0,429,302,277.032,122.839,371.938,104.52,361.309,172.052,295.048,232.473,379.887,214.639
663,193,2,427,303,274.269,124.33,371.961,112.833,355.934,178.482,284.057,233.54,372.55,221.533
664,189,2,425,300,271.8,124.343,371.514,108.02,354.608,176.033,286.248,233.497,375.137,217.993
665,189,2,428,304,273.593,125.111,371.49,111.345,356.091,179.257,284.533,234.498,374.649,220.594
666,190,1,427,301,273.056,124.918,367.954,103.538,358.105,175.639,294.438,233.176,379.385,212.638
667,181,-3,426,307,267.682,120.383,378.202,110.976,352.85,187.044,274.17,237.889,372.053,228.393
668,177,-1,423,310,268.556,121.891,376.582,111.695,353.416,183.795,275.514,240.756,371.039,230.393
669,177,-6,426,309,269.795,121.073,382.198,111.964,360.904,182.845,276.232,240.319,375.135,230.214
670,171,3,420,311,264.745,124.27,377.564,113.991,352.856,185.465,271.161,242.129,371.128,231.46
671,181,-4,426,313,271.041,120.837,378.895,107.177,360.19,178.746,283.358,241.454,378.099,227.363
672,177,-7,426,310,268.651,120.098,379.831,108.64,358.131,182.175,276.407,239.74,374.841,227.963
673,170,5,419,315,263.919,124.939,375.555,110.44,352.599,184.28,276.334,244.662,371.988,230.297
674,184,-2,429,307,268.839,118.219,378.464,108.247,354.488,180.499,278.094,235.471,375.48,224.923
675,181,4,425,310,269.819,119.124,378.155,119.562,350.584,187.162,264.28,235.031,366.564,233.317
676,183,4,426,306,265.357,116.493,374.099,113.646,346.423,184.972,262.537,232.12,365.08,227.782
677,178,3,425,311,267.999,118.311,377.787,119.862,348.338,189.086,260.318,235.508,363.838,234.76
678,183,6,425,306,264.145,117.828,373.778,116.284,343.573,186.246,260.927,232.348,363.899,229.112
679,183,5,427,307,264.002,117.508,372.141,113.785,344.747,184.9,261.697,232.478,364.695,227.467
680,178,1,422,309,268.308,116.864,377.661,118.148,349.295,186.642,260.799,232.978,364.492,231.992
681,179,4,420,304,263.144,116.865,371.361,117.777,341.446,187.254,256.17,230.145,357.913,229.078
682,180,0,426,307,262.546,116.1,374.359,115.656,342.733,187.92,257.122,232.226,362.867,230.155
683,175,0,420,306,264.202,119.336,372.238,118.631,345.431,189.197,258.555,233.315,362.06,230.75
684,180,-2,427,306,265.075,121.478,371.915,105.908,351.135,181.919,275.461,235.954,373.269,220.78
685,189,-2,436,313,269.953,115.694,370.527,106.919,352.884,178.054,277.293,229.713,375.357,219.686
686,177,2,426,307,266.666,120.275,379.303,108.419,355.769,178.133,277.13,239.656,373.703,227.6
687,179,1,426,307,259.291,114.605,372.541,113.152,339.173,185.502,254.886,231.202,361.581,228.408
688,181,4,425,303,260.999,113.507,372.84,111.861,340.696,182.548,258.09,228.966,363.169,225.837
689,180,3,424,307,264.922,116.191,374.834,116.227,344.83,184.81,259.582,231.995,363.432,230.14
690,178,-3,430,312,264.277,117.45,378.076,111.501,348.997,185.034,268.674,236.461,371.458,229.357
691,176,3,428,315,265.609,119.515,379.417,110.563,355.575,181.789,272.852,241.516,372.899,231.29
692,173,-6,424,311,264.825,119.022,374.094,107.402,351.557,178.752,273.234,238.649,368.899,226.624
693,181,-7,427,314,268.551,118.954,374.535,105.164,356.942,180.63,280.584,239.114,374.94,224.87
694,180,-1,427,309,264.084,117.443,375.017,112.289,347.909,183.794,268.116,234.715,368.184,227.977
695,183,-2,430,311,268.711,119.945,378.495,105.945,356.38,179.819,280.846,237.796,378.743,223.723
696,183,-3,431,309,268.045,119.438,375.301,108.86,354.368,179.301,275.697,234.966,373.26,223.633
697,179,-4,431,313,265.602,117.346,374.94,109.784,351.526,181.66,271.151,237.462,370.013,228.542
698,183,-7,433,311,270.349,118.24,377.259,106.513,357.18,177.002,280.617,235.463,375.604,223.155
699,181,-8,433,312,269.739,118.178,377.143,104.884,358.183,177.926,281.575,236.34,376.897,222.668
700,183,-7,432,311,271.09,119.064,377.992,105.972,359.763,177.274,283.161,236.238,378.679,222.668
701,186,-5,434,310,269.694,115.807,370.8,104.677,352.199,173.097,279.749,231.983,374.324,220.351
702,185,-3,432,311,267.771,114.453,368.371,107.264,348.018,176.492,273.607,231.93,366.703,223.759
703,182,-7,431,310,270.654,119.229,378.294,102.861,360.66,176.401,285.645,237.075,380.866,220.956
704,183,-6,432,311,269.828,117.804,375.108,104.693,358.572,178.091,278.798,235.407,376.127,222.122
705,177,0,432,313,260.039,116.753,376.176,115.39,341.384,190.76,254.852,234.173,364.384,231.408
706,173,-3,419,308,268.708,121.973,377.503,109.112,356.11,175.14,283.271,239.74,374.965,226.702
707,189,0,431,308,268.201,116.31,369.084,106.929,349.107,174.992,275.685,230.658,370.248,220.494
708,181,3,430,309,267.815,119.687,379.502,108.72,354.937,178.285,276.091,238.535,374.355,226.991
709,191,2,429,305,271.616,114.47,368.127,104.519,353.081,171.089,279.814,226.21,372.333,215.668
710,191,2,430,304,270.04,110.332,366.81,102.137,350.792,171.228,274.147,222.451,369.3,213.759
711,183,3,435,311,266.898,120.197,377.908,108.304,352.679,180.961,277.539,238.503,376.784,226.106
712,173,-6,417,310,267.062,117.536,375.124,109.374,352.32,177.503,272.301,236.655,366.767,227.609
713,192,2,436,308,273.281,111.739,371.789,103.693,354.065,173.862,281.156,227.483,373.43,218.725
714,182,-1,428,303,266.567,114.778,375.112,111.663,348.678,181.839,263.188,226.962,367.599,222.459
715,176,-3,414,307,267.731,117.123,377.363,111.534,350.264,178.324,272.639,234.393,366.609,227.485
716,174,7,420,307,267.909,115.573,381.447,113.323,357.265,178.44,263.435,234.394,367.21,230.029
717,173,6,428,311,265.799,114.406,382.16,112.158,353.608,178.865,261.999,233.775,367.98,229.604
718,171,3,429,314,267.43,114.653,383.261,112.966,357.281,179.605,261.21,234.355,369.305,230.653
719,189,-8,428,298,271.5,117.815,381.236,98.8323,356.561,170.934,295.176,237.768,385.581,220.507
720,190,-4,425,293,273.531,117.538,376.627,99.4756,357.652,168.344,295.38,230.506,382.258,213.438
721,190,-3,424,292,272.877,118.123,376.13,99.4154,356.318,167.527,297.064,231.973,382.169,214.372
722,198,2,441,306,276.259,110.332,377.291,95.6442,364.152,162.379,291.111,223.498,385.339,208.257
723,191,-3,423,291,273.981,117.566,375.567,98.905,357.658,168.199,296.676,229.443,382.442,211.673
724,191,-3,424,294,274.465,118.285,375.981,98.8736,359.116,168.854,298.572,231.703,383.591,213.251
725,192,-3,425,294,274.364,118.449,376.397,98.8189,358.9,169.475,298.495,232.587,384.516,214.049
726,189,-4,424,293,275.924,117.113,375.735,98.1166,362.172,167.707,297.658,227.919,385.339,209.512
727,192,-3,426,293,273.919,118.168,375.448,98.0631,358.025,170.152,298.747,232.309,384.52,213.297
728,194,-1,442,308,276.111,106.615,378.732,98.0763,360.094,168.745,280.205,221.591,378.852,211.817
729,192,-3,425,293,273.9,118.907,376.018,99.2022,357.352,169.162,298.101,233.258,383.659,214.725
730,200,1,439,302,278.931,107.745,377.662,97.7129,364.367,162.772,290.353,222.619,382.133,211.372
731,196,-5,442,305,278.41,107.314,380.544,100.854,362.726,165.783,286.585,225.298,380.396,217.19
732,191,-5,428,295,271.859,117.553,373.901,97.3893,355.929,169.558,296.549,232.149,381.919,212.929
733,189,-6,426,296,273.769,117.129,374.744,96.5467,360.1,168.453,298.684,231.743,384.074,211.999
734,191,-7,428,294,273.662,118.639,375.797,97.4813,359.652,168.506,298.656,232.682,385.688,212.649
735,188,-6,428,298,273.393,117.857,375.342,98.0748,359.779,171.417,297.183,233.24,383.64,214.21
736,190,-6,428,295,272.286,117.751,374.525,98.7121,355.803,170.575,295.175,231.991,381.968,213.863
